timestamp,region,provider,runtime,memorySize,parallel,duration,requestDuration,rpsMean,rpsStdev,rpsMin,rpsMedian,rpsMax,resultMean
2018-01-02T23:12:09.510Z,West Europe,azure,nodejs,128,1,1,1.15,946328,0,946328,946328,946328,-262
2018-01-02T23:12:10.732Z,West Europe,azure,nodejs,128,1,1,1.22,973191,0,973191,973191,973191,221
2018-01-02T23:12:11.957Z,West Europe,azure,nodejs,128,1,1,1.11,951245,0,951245,951245,951245,-571
2018-01-02T23:12:13.072Z,West Europe,azure,nodejs,128,1,1,1.15,992476,0,992476,992476,992476,114
2018-01-02T23:12:14.220Z,West Europe,azure,nodejs,128,1,1,1.11,988499,0,988499,988499,988499,356
2018-01-02T23:12:15.332Z,West Europe,azure,nodejs,128,1,1,1.12,942591,0,942591,942591,942591,-26
2018-01-02T23:12:16.457Z,West Europe,azure,nodejs,128,1,1,1.23,991799,0,991799,991799,991799,399
2018-01-02T23:12:17.686Z,West Europe,azure,nodejs,128,1,1,1.13,987734,0,987734,987734,987734,-56
2018-01-02T23:12:18.816Z,West Europe,azure,nodejs,128,1,1,1.22,934398,0,934398,934398,934398,-121
2018-01-02T23:12:20.038Z,West Europe,azure,nodejs,128,1,1,1.11,979382,0,979382,979382,979382,-178
2018-01-02T23:12:21.149Z,West Europe,azure,nodejs,128,2,1,2.17,981371,33086.94,957975,981371,1004767,-253.5
2018-01-02T23:12:23.323Z,West Europe,azure,nodejs,128,2,1,2.12,966766,4518.41,963571,966766,969961,275.5
2018-01-02T23:12:25.450Z,West Europe,azure,nodejs,128,2,1,2.12,971091,10579.73,963610,971091,978572,121
2018-01-02T23:12:27.570Z,West Europe,azure,nodejs,128,2,1,2.12,917603,20945.92,902792,917603,932414,164.5
2018-01-02T23:12:29.694Z,West Europe,azure,nodejs,128,2,1,2.22,896693.5,5137.13,893061,896693.5,900326,-219.5
2018-01-02T23:12:31.919Z,West Europe,azure,nodejs,128,2,1,2.15,923319,21579.48,908060,923319,938578,-72
2018-01-02T23:12:34.071Z,West Europe,azure,nodejs,128,2,1,2.26,923115,38996.94,895540,923115,950690,14
2018-01-02T23:12:36.330Z,West Europe,azure,nodejs,128,2,1,2.13,959761.5,5197.94,956086,959761.5,963437,350.5
2018-01-02T23:12:38.464Z,West Europe,azure,nodejs,128,2,1,2.16,974882,42326,944953,974882,1004811,-162.5
2018-01-02T23:12:40.625Z,West Europe,azure,nodejs,128,2,1,2.16,951389,16365.28,939817,951389,962961,246
2018-01-02T23:12:42.784Z,West Europe,azure,nodejs,128,3,1,3.18,977808.33,8933.4,967535,982139,983751,-177.33
2018-01-02T23:12:45.965Z,West Europe,azure,nodejs,128,3,1,3.13,977966.67,16368.73,963049,975374,995477,131
2018-01-02T23:12:49.092Z,West Europe,azure,nodejs,128,3,1,3.15,961382,21780.3,948642,948973,986531,-61
2018-01-02T23:12:52.243Z,West Europe,azure,nodejs,128,3,1,3.23,958464,27933.57,926217,973969,975206,-34.33
2018-01-02T23:12:55.471Z,West Europe,azure,nodejs,128,3,1,3.14,947264.33,36775,910299,947648,983846,-32
2018-01-02T23:12:58.617Z,West Europe,azure,nodejs,128,3,1,3.2,974043,17164.91,954375,981753,986001,-310.33
2018-01-02T23:13:01.822Z,West Europe,azure,nodejs,128,3,1,3.17,963241.67,13509.76,947945,968240,973540,48.33
2018-01-02T23:13:04.994Z,West Europe,azure,nodejs,128,3,1,3.12,973187.67,12474.92,958796,979851,980916,211.33
2018-01-02T23:13:08.117Z,West Europe,azure,nodejs,128,3,1,3.33,937422,38833.38,892612,958385,961269,81.67
2018-01-02T23:13:11.445Z,West Europe,azure,nodejs,128,3,1,3.17,950521.67,25078.48,925922,949590,976053,133.33
2018-01-02T23:13:14.620Z,West Europe,azure,nodejs,128,4,1,4.3,751722.5,185261.53,534909,760128.5,951724,4
2018-01-02T23:13:18.924Z,West Europe,azure,nodejs,128,4,1,4.25,752228,124381.89,629451,750588,878285,18.5
2018-01-02T23:13:23.181Z,West Europe,azure,nodejs,128,4,1,4.24,637020.75,146781.6,513139,605610.5,823723,-217.75
2018-01-02T23:13:27.420Z,West Europe,azure,nodejs,128,4,1,4.44,612718.5,165438.56,463586,573432.5,840423,-132.25
2018-01-02T23:13:31.859Z,West Europe,azure,nodejs,128,4,1,4.57,589273.5,258278.6,318354,605769,827202,-84.5
2018-01-02T23:13:36.433Z,West Europe,azure,nodejs,128,4,1,4.19,945967.25,39067.32,896560,948539,990231,217.75
2018-01-02T23:13:40.622Z,West Europe,azure,nodejs,128,4,1,4.21,881026,107021.52,725074,921377,956276,-194
2018-01-02T23:13:44.829Z,West Europe,azure,nodejs,128,4,1,4.1,961757.25,20125.51,941913,957651.5,989813,-77
2018-01-02T23:13:48.932Z,West Europe,azure,nodejs,128,4,1,4.12,957691,17027.96,940277,956872,976743,2.75
2018-01-02T23:13:53.058Z,West Europe,azure,nodejs,128,4,1,4.13,946341,34803.84,895920,957416,974612,22.5
2018-01-02T23:13:57.191Z,West Europe,azure,nodejs,128,5,1,5.11,927404.8,66818.2,816511,939437,995217,39.2
2018-01-02T23:14:02.299Z,West Europe,azure,nodejs,128,5,1,5.17,951650.2,46196.68,875467,962196,1000626,-27.6
2018-01-02T23:14:07.473Z,West Europe,azure,nodejs,128,5,1,5.21,938426.4,11242.51,926441,939233,955652,-246
2018-01-02T23:14:12.681Z,West Europe,azure,nodejs,128,5,1,5.12,942531.6,29924.37,893041,947350,973520,-99.8
2018-01-02T23:14:17.803Z,West Europe,azure,nodejs,128,5,1,5.22,962618.2,19445.03,937585,963980,987544,-129.8
2018-01-02T23:14:23.025Z,West Europe,azure,nodejs,128,5,1,5.13,952564,15748.56,933300,949282,971238,-240.4
2018-01-02T23:14:28.161Z,West Europe,azure,nodejs,128,5,1,5.14,967128.6,26996.58,925873,969090,1001720,-103.6
2018-01-02T23:14:33.301Z,West Europe,azure,nodejs,128,5,1,5.29,938175.4,35326.19,892541,943175,983062,-10.8
2018-01-02T23:14:38.588Z,West Europe,azure,nodejs,128,5,1,5.09,964618.4,16934.12,940260,967659,984057,235
2018-01-02T23:14:43.681Z,West Europe,azure,nodejs,128,5,1,5.15,902692,101143.9,725107,932373,978000,-61
2018-01-02T23:14:48.829Z,West Europe,azure,nodejs,128,6,1,6.24,954775.17,24841.52,927215,958702.5,980058,65.5
2018-01-02T23:14:55.078Z,West Europe,azure,nodejs,128,6,1,6.14,919596.67,58420.71,828900,936842.5,982142,-37.67
2018-01-02T23:15:01.224Z,West Europe,azure,nodejs,128,6,1,6.14,960257.33,30661.4,922815,963993.5,1007895,73
2018-01-02T23:15:07.370Z,West Europe,azure,nodejs,128,6,1,6.24,956842.33,17844.87,928095,960832.5,978673,-31.67
2018-01-02T23:15:13.611Z,West Europe,azure,nodejs,128,6,1,6.12,916120.17,76304.33,767179,936100.5,987785,49.83
2018-01-02T23:15:19.737Z,West Europe,azure,nodejs,128,6,1,6.24,969190.17,24275.08,925913,970934,996211,-62.67
2018-01-02T23:15:25.978Z,West Europe,azure,nodejs,128,6,1,6.16,955916.83,27926.79,900942,962790.5,980953,220.17
2018-01-02T23:15:32.146Z,West Europe,azure,nodejs,128,6,1,6.11,953009,31768.36,898453,956930.5,993881,70.33
2018-01-02T23:15:38.262Z,West Europe,azure,nodejs,128,6,1,6.17,938760.33,23054.81,914752,936793.5,964934,-51.83
2018-01-02T23:15:44.433Z,West Europe,azure,nodejs,128,6,1,6.26,941865,52263.7,849959,943742,998580,-42.33
2018-01-02T23:15:50.695Z,West Europe,azure,nodejs,128,7,1,7.16,945470.57,30816.48,896395,959805,972986,-27.43
2018-01-02T23:15:57.856Z,West Europe,azure,nodejs,128,7,1,7.26,965805.86,14258.69,942863,973576,981210,-164.43
2018-01-02T23:16:05.118Z,West Europe,azure,nodejs,128,7,1,7.17,961754.71,18941.78,935887,962351,994389,69.57
2018-01-02T23:16:12.287Z,West Europe,azure,nodejs,128,7,1,7.27,934161.29,56727.3,820275,942412,989058,-48.14
2018-01-02T23:16:19.558Z,West Europe,azure,nodejs,128,7,1,7.27,936317.86,44102.01,850874,954239,979531,-251.71
2018-01-02T23:16:26.828Z,West Europe,azure,nodejs,128,7,1,7.27,941496.29,23480.52,905915,939498,967483,98.14
2018-01-02T23:16:34.098Z,West Europe,azure,nodejs,128,7,1,7.17,954828.43,16587.13,929474,955726,976796,7
2018-01-02T23:16:41.266Z,West Europe,azure,nodejs,128,7,1,7.11,954413.57,19601.8,928885,959868,977100,-60.29
2018-01-02T23:16:48.378Z,West Europe,azure,nodejs,128,7,1,7.16,961727,19516.04,944238,950332,994134,-169.43
2018-01-02T23:16:55.544Z,West Europe,azure,nodejs,128,7,1,7.32,873941.86,82938.62,761953,873515,971800,-46.14
2018-01-02T23:17:02.870Z,West Europe,azure,nodejs,128,8,1,8.21,661647.75,145442.49,522739,605667.5,931849,101.38
2018-01-02T23:17:11.078Z,West Europe,azure,nodejs,128,8,1,8.5,583064.13,141444.8,401015,618903.5,732524,43
2018-01-02T23:17:19.578Z,West Europe,azure,nodejs,128,8,1,9.59,713852.38,13692.62,695635,715429,729251,-47.25
2018-01-02T23:17:29.172Z,West Europe,azure,nodejs,128,8,1,9.44,727648.75,14027.77,704653,728678.5,748429,-15.5
2018-01-02T23:17:38.611Z,West Europe,azure,nodejs,128,8,1,9.56,726043.25,42196.46,630399,739949,762757,-48.13
2018-01-02T23:17:48.170Z,West Europe,azure,nodejs,128,8,1,11.13,942285.63,52024.4,825959,960137,987290,143.88
2018-01-02T23:17:59.304Z,West Europe,azure,nodejs,128,8,1,8.28,952674.63,18360.63,921174,953672,978002,66.63
2018-01-02T23:18:07.591Z,West Europe,azure,nodejs,128,8,1,8.19,938315,39233.38,852101,944876,981831,76.63
2018-01-02T23:18:15.783Z,West Europe,azure,nodejs,128,8,1,8.13,923430.88,46874.65,829431,937711.5,969494,-74.75
2018-01-02T23:18:23.918Z,West Europe,azure,nodejs,128,8,1,8.25,934003.5,48011.74,824880,941925.5,984889,10
2018-01-02T23:18:32.165Z,West Europe,azure,nodejs,128,9,1,9.22,945193.67,39754.93,859407,954009,990115,38.44
2018-01-02T23:18:41.384Z,West Europe,azure,nodejs,128,9,1,9.14,938111.44,26207.18,901537,937975,985856,57.22
2018-01-02T23:18:50.523Z,West Europe,azure,nodejs,128,9,1,9.29,964166.22,21182.31,925789,961808,998441,75.78
2018-01-02T23:18:59.816Z,West Europe,azure,nodejs,128,9,1,9.32,917560.67,67604.69,754205,933571,973647,31.11
2018-01-02T23:19:09.133Z,West Europe,azure,nodejs,128,9,1,9.21,955241.44,34322.36,884473,962931,992675,-52.78
2018-01-02T23:19:18.348Z,West Europe,azure,nodejs,128,9,1,9.15,946175.89,21771.01,912192,948900,973622,45.56
2018-01-02T23:19:27.500Z,West Europe,azure,nodejs,128,9,1,9.18,946010.22,16050.67,918601,944489,969544,13
2018-01-02T23:19:36.678Z,West Europe,azure,nodejs,128,9,1,9.17,937899.67,25998.82,888106,937008,968985,4.11
2018-01-02T23:19:45.853Z,West Europe,azure,nodejs,128,9,1,9.16,927129.89,73977.4,754655,952976,995595,109.56
2018-01-02T23:19:55.011Z,West Europe,azure,nodejs,128,9,1,9.31,948205.78,30632.3,904549,960205,996355,3
2018-01-02T23:20:04.328Z,West Europe,azure,nodejs,128,10,1,10.14,943598.1,30034.76,869121,956466,966784,-57.1
2018-01-02T23:20:14.471Z,West Europe,azure,nodejs,128,10,1,10.13,953208.7,45897.59,849876,961229.5,996072,-67.2
2018-01-02T23:20:24.599Z,West Europe,azure,nodejs,128,10,1,10.24,963496.1,18151.99,933684,963913,992544,68.8
2018-01-02T23:20:34.841Z,West Europe,azure,nodejs,128,10,1,10.24,956063.2,23634.78,928293,952719.5,991812,104.2
2018-01-02T23:20:45.082Z,West Europe,azure,nodejs,128,10,1,10.18,956589.1,33835.67,885351,963814.5,999604,-150.9
2018-01-02T23:20:55.260Z,West Europe,azure,nodejs,128,10,1,10.2,941204.8,41500.71,848805,947195.5,989745,174.3
2018-01-02T23:21:05.459Z,West Europe,azure,nodejs,128,10,1,10.14,944110.8,24810.24,906083,941596,981948,244.9
2018-01-02T23:21:15.603Z,West Europe,azure,nodejs,128,10,1,10.23,922301.6,44243.71,866936,925558,994662,-54.9
2018-01-02T23:21:25.837Z,West Europe,azure,nodejs,128,10,1,10.13,965863.2,13415.08,940238,970142,983753,3.1
2018-01-02T23:21:35.974Z,West Europe,azure,nodejs,128,10,1,10.12,945070.6,30359.73,897115,951394.5,994510,20.5
2018-01-02T23:21:46.099Z,West Europe,azure,nodejs,128,11,1,11.17,924463.36,69709.36,768870,944773,990834,76
2018-01-02T23:21:57.274Z,West Europe,azure,nodejs,128,11,1,11.26,908353.55,84980.64,730730,942248,987864,-55.27
2018-01-02T23:22:08.538Z,West Europe,azure,nodejs,128,11,1,11.16,959445.64,21884.94,926355,961376,996753,-3.82
2018-01-03T00:35:16.047Z,West Europe,azure,nodejs,128,11,1,11.21,947301.91,43396.5,847358,954926,1014368,-32.09
2018-01-03T00:35:27.365Z,West Europe,azure,nodejs,128,11,1,11.17,961653.91,24601.12,924613,955096,1009663,39.45
2018-01-03T00:35:38.535Z,West Europe,azure,nodejs,128,11,1,11.26,972352.09,25103.59,938879,973801,1007073,77.73
2018-01-03T00:35:49.799Z,West Europe,azure,nodejs,128,11,1,11.26,952420,29223.24,879327,956436,992868,-101.82
2018-01-03T00:36:01.064Z,West Europe,azure,nodejs,128,11,1,11.24,949426,72503.66,739805,967577,1005452,82.73
2018-01-03T00:36:12.314Z,West Europe,azure,nodejs,128,11,1,11.19,948584.09,34337.63,891979,953437,998548,-197.64
2018-01-03T00:36:23.508Z,West Europe,azure,nodejs,128,11,1,11.21,956549.55,26890.86,907104,963745,983202,100.09
2018-01-03T00:36:34.725Z,West Europe,azure,nodejs,128,11,1,11.18,965662.73,20228.62,932176,963933,1001657,1.73
2018-01-03T00:36:45.915Z,West Europe,azure,nodejs,128,11,1,11.16,956141.09,26478.78,910799,962358,990080,68.18
2018-01-03T00:36:57.078Z,West Europe,azure,nodejs,128,11,1,11.13,956405.09,26343.98,901748,962115,993193,96.45
2018-01-03T00:37:08.216Z,West Europe,azure,nodejs,128,12,1,12.2,968818.42,21416.65,930896,969794,1002369,-89.75
2018-01-03T00:37:20.426Z,West Europe,azure,nodejs,128,12,1,12.28,968970.67,15323.34,926999,971652.5,989816,8.33
2018-01-03T00:37:32.712Z,West Europe,azure,nodejs,128,12,1,12.19,916216.5,74275.16,804694,961195.5,989381,79
2018-01-03T00:37:44.902Z,West Europe,azure,nodejs,128,12,1,12.28,958826.92,28662.37,883726,964091.5,986452,-79.33
2018-01-03T00:37:57.189Z,West Europe,azure,nodejs,128,12,1,12.18,955960.5,32338.18,894196,953696,998879,-129.92
2018-01-03T00:38:09.369Z,West Europe,azure,nodejs,128,12,1,12.49,945619,47473.24,822925,958116.5,987242,59.58
2018-01-03T00:38:21.863Z,West Europe,azure,nodejs,128,12,1,12.18,961215.75,26384.22,910334,962806.5,1001400,-66.17
2018-01-03T00:38:45.317Z,West Europe,azure,nodejs,128,12,1,14.9,944462.67,38317.52,858112,953245.5,983885,68.58
2018-01-03T00:39:00.221Z,West Europe,azure,nodejs,128,12,1,12.22,948089.5,49661.36,828572,952378,1010296,-69.42
2018-01-03T00:39:12.449Z,West Europe,azure,nodejs,128,13,1,12.17,922209,89617.56,636613,942624,991931,189.23
2018-01-03T00:39:24.627Z,West Europe,azure,nodejs,128,13,1,8.42,1002064.08,30980.59,945054,1003327,1051936,32
2018-01-03T00:39:33.048Z,West Europe,azure,nodejs,128,13,1,7.15,971121.08,52233.08,862437,970513,1042161,-1.46
2018-01-03T00:39:40.206Z,West Europe,azure,nodejs,128,13,1,7.32,866429.46,127787.42,588589,937027,965644,-165.62
2018-01-03T00:39:47.531Z,West Europe,azure,nodejs,128,13,1,8.17,966721.08,54877.25,827132,968718,1025692,84.08
2018-01-03T00:39:55.708Z,West Europe,azure,nodejs,128,13,1,11.26,967292.31,39032.62,900981,961974,1053032,39.38
2018-01-03T00:40:06.968Z,West Europe,azure,nodejs,128,13,1,13.15,948101.62,37971.16,832451,956275,985606,8.15
2018-01-03T00:40:20.124Z,West Europe,azure,nodejs,128,13,1,12.3,928255.54,102776.4,607644,957384,999426,152.85
2018-01-03T00:40:32.425Z,West Europe,azure,nodejs,128,13,1,13.2,959095.92,25868.2,899645,960522,1000203,20.92
2018-01-03T00:40:45.632Z,West Europe,azure,nodejs,128,13,1,13.22,945750.15,52534.33,819359,958931,1003646,124.85
2018-01-03T00:40:58.855Z,West Europe,azure,nodejs,128,14,1,14.44,962253.86,27682.05,910660,967571,999265,-50.14
2018-01-03T00:41:13.299Z,West Europe,azure,nodejs,128,14,1,14.31,939391.5,25929.34,890115,940073.5,978321,-52.21
2018-01-03T00:41:27.624Z,West Europe,azure,nodejs,128,14,1,14.22,957386.79,41042.63,870624,969318,998882,81.43
2018-01-03T00:41:41.849Z,West Europe,azure,nodejs,128,14,1,14.23,970942.29,20682.03,928222,979782.5,991670,-10.57
2018-01-03T00:41:56.087Z,West Europe,azure,nodejs,128,14,1,14.33,932319.36,59767.22,759700,951918,986773,-42.86
2018-01-03T00:42:10.421Z,West Europe,azure,nodejs,128,14,1,14.23,955054.29,28929.86,881464,964419,984579,-46.71
2018-01-03T00:42:24.656Z,West Europe,azure,nodejs,128,14,1,14.28,961517.21,27060.01,915145,967189.5,997563,-92.29
2018-01-03T00:42:38.936Z,West Europe,azure,nodejs,128,14,1,14.28,938336.43,56213.53,827814,955624.5,1011070,-66.07
2018-01-03T00:42:53.225Z,West Europe,azure,nodejs,128,14,1,14.35,930640.14,77921.5,721289,955607.5,996934,-34.86
2018-01-03T00:43:07.575Z,West Europe,azure,nodejs,128,14,1,14.64,749349.21,80571.92,537755,749082,852887,-100.43
2018-01-03T00:43:22.222Z,West Europe,azure,nodejs,128,15,1,15.54,775007.2,74879.7,690827,741358,871070,-5.47
2018-01-03T00:43:37.769Z,West Europe,azure,nodejs,128,15,1,15.56,777483.93,67144.32,667858,771073,886049,-22.6
2018-01-03T00:43:53.334Z,West Europe,azure,nodejs,128,15,1,16.35,757222.47,52858.46,658007,758870,859270,161.73
2018-01-03T00:44:25.943Z,West Europe,azure,nodejs,128,15,1,14.71,899442.2,112147.76,630430,954361,1007229,-7.67
2018-01-03T00:44:40.656Z,West Europe,azure,nodejs,128,15,1,14.22,922238.8,74708.39,771773,955325,1009623,5.93
2018-01-03T00:44:54.877Z,West Europe,azure,nodejs,128,15,1,14.23,915736.2,87169.52,723009,942701,1011593,32.87
2018-01-03T00:45:09.113Z,West Europe,azure,nodejs,128,15,1,9.31,933566.47,83211.89,774533,952961,1021058,12.67
2018-01-03T00:45:18.429Z,West Europe,azure,nodejs,128,15,1,8.31,956139.2,59984.22,800336,974925,1032330,-33.47
2018-01-03T00:45:26.744Z,West Europe,azure,nodejs,128,15,1,8.17,966510.27,54457.58,812365,965537,1038960,61.2
2018-01-03T00:45:34.915Z,West Europe,azure,nodejs,128,16,1,10.24,969112.44,48952.19,881216,961845,1053665,73.63
2018-01-03T00:45:45.158Z,West Europe,azure,nodejs,128,16,1,8.16,989207.63,48604.26,833654,989068,1050173,-11.31
2018-01-03T00:45:53.318Z,West Europe,azure,nodejs,128,16,1,8.22,994942.88,32791.73,930536,986824.5,1044767,-53.69
2018-01-03T00:46:01.543Z,West Europe,azure,nodejs,128,16,1,8.26,892934.5,106982.3,599539,916768.5,1000148,80.19
2018-01-03T00:46:09.812Z,West Europe,azure,nodejs,128,16,1,8.33,812917.88,194985.96,439802,880776.5,993667,48.5
2018-01-03T00:46:18.150Z,West Europe,azure,nodejs,128,16,1,8.58,816626.88,163127.16,396417,885582.5,969568,124.81
2018-01-03T00:46:26.728Z,West Europe,azure,nodejs,128,16,1,8.3,895582.19,91076.68,725197,928726.5,989171,19.5
2018-01-03T00:46:35.036Z,West Europe,azure,nodejs,128,16,1,8.29,890559.81,100702.84,714172,920520,988672,-21.56
2018-01-03T00:46:43.327Z,West Europe,azure,nodejs,128,16,1,9.2,903034.88,91092,723546,939202,990401,-114.19
2018-01-03T00:46:52.536Z,West Europe,azure,nodejs,128,16,1,8.2,877116.44,99839.99,680870,903995,985524,-111.75
2018-01-03T00:47:00.734Z,West Europe,azure,nodejs,128,17,1,9.41,896592.41,84413.77,723795,930839,994969,29.41
2018-01-03T00:47:10.149Z,West Europe,azure,nodejs,128,17,1,9.42,897262.29,81595.23,754069,919544,983651,-9.71
2018-01-03T00:47:19.571Z,West Europe,azure,nodejs,128,17,1,9.31,929537.94,80658.43,758043,970071,1005800,22.35
2018-01-03T00:47:28.888Z,West Europe,azure,nodejs,128,17,1,9.32,967614.18,38599.35,856196,968154,1018608,26.65
2018-01-03T00:47:38.208Z,West Europe,azure,nodejs,128,17,1,9.42,952010.94,65638,793501,973161,1041208,-41.24
2018-01-03T00:47:47.628Z,West Europe,azure,nodejs,128,17,1,10.2,978146.18,66940.74,743279,995987,1026904,16.12
2018-01-03T00:47:57.834Z,West Europe,azure,nodejs,128,17,1,9.14,991862.35,42073.72,923074,1009928,1041929,-40.47
2018-01-03T00:48:06.985Z,West Europe,azure,nodejs,128,17,1,15.23,937358.29,48742.9,819306,950099,1024550,17.94
2018-01-03T00:48:22.220Z,West Europe,azure,nodejs,128,17,1,17.23,958568.53,43565.91,803112,969064,1000630,-22.53
2018-01-03T00:48:39.452Z,West Europe,azure,nodejs,128,17,1,17.2,932768.53,74532.19,680458,944373,1024168,32.88
2018-01-03T00:49:13.954Z,West Europe,azure,nodejs,128,18,1,16.39,961748.56,42269.76,834994,972446.5,1018586,11.78
2018-01-03T00:49:45.509Z,West Europe,azure,nodejs,128,18,1,9.26,961225.89,58572.08,772995,980124,1017105,59.61
2018-01-03T00:49:54.774Z,West Europe,azure,nodejs,128,18,1,9.25,962009,71956.56,771478,975675,1051841,1.72
2018-01-03T00:50:04.025Z,West Europe,azure,nodejs,128,18,1,9.33,969835.83,37968.81,891508,979338,1047586,-16.94
2018-01-03T00:50:22.663Z,West Europe,azure,nodejs,128,18,1,17.15,967906.22,101369,603117,990094,1068179,-39.39
2018-01-03T00:50:39.823Z,West Europe,azure,nodejs,128,18,1,7.21,908101.17,121126.32,581931,954555.5,990824,59.72
2018-01-03T00:50:47.031Z,West Europe,azure,nodejs,128,18,1,9.22,909533.89,88479.75,726857,932704.5,1028214,14.72
2018-01-03T00:50:56.253Z,West Europe,azure,nodejs,128,19,1,7.26,902439.95,106554.92,654891,948680,1026540,-30.84
2018-01-03T00:51:03.521Z,West Europe,azure,nodejs,128,19,1,9.21,934845.68,90976.41,681698,972947,1015609,97.74
2018-01-03T00:51:12.737Z,West Europe,azure,nodejs,128,19,1,8.3,883751.05,110106.21,674507,932344,1028038,-20.47
2018-01-03T00:51:21.046Z,West Europe,azure,nodejs,128,19,1,8.28,923183.79,92318.3,720642,960757,1028602,-92.21
2018-01-03T00:51:29.326Z,West Europe,azure,nodejs,128,19,1,7.88,865157.89,96137.68,672822,872920,993572,-55.63
2018-01-03T00:51:37.210Z,West Europe,azure,nodejs,128,19,1,8.49,904174.05,107597.72,732844,889932,1061722,22.89
2018-01-03T00:51:45.710Z,West Europe,azure,nodejs,128,19,1,8.19,942866.37,130240.16,590155,994319,1065801,-79.37
2018-01-03T00:51:53.900Z,West Europe,azure,nodejs,128,19,1,8.29,952167.89,91369.49,733057,976984,1065818,-67.84
2018-01-03T00:52:08.444Z,West Europe,azure,nodejs,128,19,1,16.16,935388.84,76562.86,783661,953685,1051939,-1.21
2018-01-03T00:52:24.611Z,West Europe,azure,nodejs,128,20,1,6.3,962157.55,74285.55,709166,976882,1028379,74.05
2018-01-03T00:52:30.916Z,West Europe,azure,nodejs,128,20,1,6.15,975399.1,32137.99,922645,971974.5,1032954,22.8
2018-01-03T00:52:37.069Z,West Europe,azure,nodejs,128,20,1,8.17,982110.05,38884.15,893970,982267.5,1061309,-3.15
2018-01-03T00:52:45.245Z,West Europe,azure,nodejs,128,20,1,7.28,942793.65,50387.29,820610,957847.5,1016602,58.2
2018-01-03T00:52:52.534Z,West Europe,azure,nodejs,128,20,1,6.18,986174.85,27310.6,910977,993651.5,1020714,-5.75
2018-01-03T00:52:58.721Z,West Europe,azure,nodejs,128,20,1,6.24,978925.55,32438.8,904323,986914.5,1032257,-94.45
2018-01-03T00:53:04.968Z,West Europe,azure,nodejs,128,20,1,7.27,989465.8,18651.86,960532,988059.5,1018834,153.95
2018-01-03T00:53:12.241Z,West Europe,azure,nodejs,128,20,1,7.3,944094.9,83722.4,707947,978625.5,1029458,-27.6
2018-01-03T00:53:19.542Z,West Europe,azure,nodejs,128,20,1,8.24,979096.15,17055.48,942085,973829,1006723,-7.25
2018-01-03T00:53:27.784Z,West Europe,azure,nodejs,128,20,1,8.23,974528.85,13735.91,948004,971732.5,1000546,-13.6
2018-01-03T00:55:33.267Z,West Europe,azure,nodejs,128,1,2,2.23,947285,0,947285,947285,947285,3
2018-01-03T00:55:35.588Z,West Europe,azure,nodejs,128,1,2,2.11,988795,0,988795,988795,988795,-385
2018-01-03T00:55:37.701Z,West Europe,azure,nodejs,128,1,2,2.2,970749,0,970749,970749,970749,-172
2018-01-03T00:55:39.899Z,West Europe,azure,nodejs,128,1,2,2.15,969432,0,969432,969432,969432,187
2018-01-03T00:55:42.051Z,West Europe,azure,nodejs,128,1,2,2.12,980816,0,980816,980816,980816,-304
2018-01-03T00:55:44.176Z,West Europe,azure,nodejs,128,1,2,2.17,987624,0,987624,987624,987624,28
2018-01-03T00:55:46.350Z,West Europe,azure,nodejs,128,1,2,2.15,978679,0,978679,978679,978679,58
2018-01-03T00:55:48.499Z,West Europe,azure,nodejs,128,1,2,2.25,978816,0,978816,978816,978816,47
2018-01-03T00:55:50.761Z,West Europe,azure,nodejs,128,1,2,2.24,929420,0,929420,929420,929420,497
2018-01-03T00:55:53.006Z,West Europe,azure,nodejs,128,1,2,2.25,970161,0,970161,970161,970161,-710
2018-01-03T00:55:55.258Z,West Europe,azure,nodejs,128,2,2,4.2,972884.5,1901.41,971540,972884.5,974229,-96.5
2018-01-03T00:55:59.467Z,West Europe,azure,nodejs,128,2,2,4.11,974083.5,13735.55,964371,974083.5,983796,-148
2018-01-03T00:56:03.580Z,West Europe,azure,nodejs,128,2,2,4.17,959455,9659.08,952625,959455,966285,-57
2018-01-03T00:56:07.750Z,West Europe,azure,nodejs,128,2,2,4.3,958855,2797.31,956877,958855,960833,-84
2018-01-03T00:56:12.054Z,West Europe,azure,nodejs,128,2,2,4.3,971908.5,16858.13,959988,971908.5,983829,108.5
2018-01-03T00:56:16.352Z,West Europe,azure,nodejs,128,2,2,4.13,957166,22956.93,940933,957166,973399,-477
2018-01-03T00:56:20.488Z,West Europe,azure,nodejs,128,2,2,4.26,940388,40647.33,911646,940388,969130,41
2018-01-03T00:56:24.749Z,West Europe,azure,nodejs,128,2,2,4.14,971161,2511.64,969385,971161,972937,360.5
2018-01-03T00:56:28.893Z,West Europe,azure,nodejs,128,2,2,4.15,977321,5317.44,973561,977321,981081,-22.5
2018-01-03T00:56:33.045Z,West Europe,azure,nodejs,128,2,2,4.4,947836,34235.28,923628,947836,972044,-51.5
2018-01-03T00:56:37.447Z,West Europe,azure,nodejs,128,3,2,6.15,972293.33,8698.04,963580,972324,980976,384
2018-01-03T00:56:43.595Z,West Europe,azure,nodejs,128,3,2,6.14,972362.33,19131.15,953050,972730,991307,-14.33
2018-01-03T00:56:49.736Z,West Europe,azure,nodejs,128,3,2,6.14,966331,14535.93,949683,972804,976506,176
2018-01-03T00:56:55.879Z,West Europe,azure,nodejs,128,3,2,6.14,967002.33,10504.58,957040,965991,977976,-51.67
2018-01-03T00:57:02.026Z,West Europe,azure,nodejs,128,3,2,6.14,909950,88981.18,807206,960687,961957,-62.33
2018-01-03T00:57:08.168Z,West Europe,azure,nodejs,128,3,2,6.16,960370.67,7363.21,952061,962967,966084,-89.33
2018-01-03T00:57:14.334Z,West Europe,azure,nodejs,128,3,2,6.12,950596,17595.51,930770,956662,964356,-129
2018-01-03T00:57:20.455Z,West Europe,azure,nodejs,128,3,2,6.24,949335.67,30023.32,922623,943555,981829,158
2018-01-03T00:57:26.702Z,West Europe,azure,nodejs,128,3,2,6.24,977827,13689.19,965906,974798,992777,-115.33
2018-01-03T00:57:32.949Z,West Europe,azure,nodejs,128,3,2,6.14,957903.67,26533.26,927297,972008,974406,240.33
2018-01-03T00:57:39.093Z,West Europe,azure,nodejs,128,4,2,8.17,942104,57259.87,857936,965530.5,979419,-133.5
2018-01-03T00:57:47.267Z,West Europe,azure,nodejs,128,4,2,8.31,939304.5,38877.52,882932,951310,971666,-49
2018-01-03T00:57:55.579Z,West Europe,azure,nodejs,128,4,2,8.13,973442.25,4879.26,966996,974013.5,978746,79.25
2018-01-03T00:58:03.706Z,West Europe,azure,nodejs,128,4,2,8.25,772231.75,143159.8,623796,752013.5,961104,115
2018-01-03T00:58:11.963Z,West Europe,azure,nodejs,128,4,2,8.29,746642.5,50718.79,680141,751633,803163,252.25
2018-01-03T00:58:20.256Z,West Europe,azure,nodejs,128,4,2,8.19,785884.5,15155.93,765365,789315.5,799542,180.25
2018-01-03T00:58:28.445Z,West Europe,azure,nodejs,128,4,2,8.16,759341.75,42885.11,701148,766966.5,802286,315.25
2018-01-03T00:58:36.603Z,West Europe,azure,nodejs,128,4,2,8.33,765131.25,71048.6,690153,755574,859224,55
2018-01-03T00:58:44.936Z,West Europe,azure,nodejs,128,4,2,8.4,785397.75,53876.1,742963,767909,862810,-236.5
2018-01-03T00:58:53.333Z,West Europe,azure,nodejs,128,4,2,8.4,786617.75,42045.65,725754,799454.5,821808,-251.25
2018-01-03T00:59:01.741Z,West Europe,azure,nodejs,128,5,2,10.23,740115.4,55384.32,679006,776773,782878,-102.4
2018-01-03T00:59:11.970Z,West Europe,azure,nodejs,128,5,2,10.14,773103.6,44201.72,696323,789518,803933,-114.2
2018-01-03T00:59:22.114Z,West Europe,azure,nodejs,128,5,2,10.15,814147.4,97256.83,703737,793329,971377,-140.4
2018-01-03T00:59:32.269Z,West Europe,azure,nodejs,128,5,2,10.22,960552,11829.89,948151,957095,979359,-253
2018-01-03T00:59:42.486Z,West Europe,azure,nodejs,128,5,2,10.21,924055.4,29470.21,879024,921579,957785,-188
2018-01-03T00:59:52.696Z,West Europe,azure,nodejs,128,5,2,10.27,961692.6,19092.81,935926,963288,980410,515.4
2018-01-03T01:00:02.970Z,West Europe,azure,nodejs,128,5,2,10.23,849517.2,79690.55,774940,839777,967907,-127.2
2018-01-03T01:00:13.208Z,West Europe,azure,nodejs,128,5,2,10.24,915269.2,45460.3,840333,934370,951285,128.6
2018-01-03T01:00:23.449Z,West Europe,azure,nodejs,128,5,2,10.24,965995,10361.95,948509,969876,974332,90
2018-01-03T01:00:33.686Z,West Europe,azure,nodejs,128,5,2,10.34,957204,9771.85,943242,960564,966673,-44.8
2018-01-03T01:00:44.029Z,West Europe,azure,nodejs,128,6,2,12.18,936702.17,18934.3,923448,926372.5,969670,-267.33
2018-01-03T01:00:56.215Z,West Europe,azure,nodejs,128,6,2,12.15,959305.33,11705.72,940393,960303.5,973513,19.17
2018-01-03T01:01:08.370Z,West Europe,azure,nodejs,128,6,2,12.15,946277.17,25040.61,899056,956310,969459,346.33
2018-01-03T01:01:20.521Z,West Europe,azure,nodejs,128,6,2,12.25,935681.67,43342.46,869132,957547.5,970754,-49.5
2018-01-03T01:01:32.773Z,West Europe,azure,nodejs,128,6,2,12.28,946768.67,27007.47,906104,953571,974829,129.67
2018-01-03T01:01:45.059Z,West Europe,azure,nodejs,128,6,2,12.19,957131.17,21165.2,931891,956974,980892,-206.83
2018-01-03T01:01:57.254Z,West Europe,azure,nodejs,128,6,2,12.18,955045.17,21409.53,928838,956087,986066,-104.83
2018-01-03T01:02:09.433Z,West Europe,azure,nodejs,128,6,2,12.18,927349,36888.62,863498,933470.5,971216,33.5
2018-01-03T01:02:21.618Z,West Europe,azure,nodejs,128,6,2,12.18,957811.17,15062.19,941307,954671,978193,-38.5
2018-01-03T01:02:33.802Z,West Europe,azure,nodejs,128,6,2,12.18,947422.67,10980.2,933192,950059,958423,192.5
2018-01-03T01:02:45.988Z,West Europe,azure,nodejs,128,7,2,14.23,913198.86,57768.95,817262,933562,970829,-106.29
2018-01-03T01:03:00.220Z,West Europe,azure,nodejs,128,7,2,14.44,952341.71,23310.98,915656,962542,972971,-159.14
2018-01-03T01:03:14.666Z,West Europe,azure,nodejs,128,7,2,14.17,932742,48966.09,851897,939513,986171,7.57
2018-01-03T01:03:28.840Z,West Europe,azure,nodejs,128,7,2,14.2,970366.29,23287.09,931671,969762,998359,-238.14
2018-01-03T01:03:43.039Z,West Europe,azure,nodejs,128,7,2,14.13,958197.14,30400.81,912106,950229,997529,-108.86
2018-01-03T01:03:57.175Z,West Europe,azure,nodejs,128,7,2,14.21,960925,25712.13,915469,958745,990216,132.43
2018-01-03T01:04:11.391Z,West Europe,azure,nodejs,128,7,2,14.24,966736.29,13252.35,945179,969233,985293,47.43
2018-01-03T01:04:25.632Z,West Europe,azure,nodejs,128,7,2,14.22,979024.29,11651.64,959276,981764,991625,-163.43
2018-01-03T01:04:39.858Z,West Europe,azure,nodejs,128,7,2,14.13,929586.29,56960.76,811917,948244,974743,39.14
2018-01-03T01:04:53.994Z,West Europe,azure,nodejs,128,7,2,14.23,991149.86,11056.39,976686,990710,1009697,-279.71
2018-01-03T01:05:08.224Z,West Europe,azure,nodejs,128,8,2,16.15,963216.88,31376.33,897521,963100,997439,-235.38
2018-01-03T01:05:24.375Z,West Europe,azure,nodejs,128,8,2,16.17,983061.63,11224.76,969613,981035,1003447,103.13
2018-01-03T01:05:40.542Z,West Europe,azure,nodejs,128,8,2,16.14,972960.13,12173.67,952398,972841.5,988121,92.88
2018-01-03T01:05:56.685Z,West Europe,azure,nodejs,128,8,2,16.56,968169.5,19488.13,928723,966701.5,990443,-95.13
2018-01-03T01:06:13.247Z,West Europe,azure,nodejs,128,8,2,16.19,959781.13,11407.98,943623,961707.5,971281,-74.75
2018-01-03T01:06:29.442Z,West Europe,azure,nodejs,128,8,2,16.16,984757.38,5395.21,977299,985289.5,992118,19
2018-01-03T01:06:45.608Z,West Europe,azure,nodejs,128,8,2,16.19,975981.5,12524.01,956157,974488,992609,158.63
2018-01-03T01:07:01.802Z,West Europe,azure,nodejs,128,8,2,16.11,971045.63,27031.59,931697,979301,1002453,118
2018-01-03T01:07:17.918Z,West Europe,azure,nodejs,128,8,2,16.22,971407.88,8700.4,950960,974546.5,978421,-229.25
2018-01-03T01:07:34.143Z,West Europe,azure,nodejs,128,8,2,16.18,974373.63,22186.66,937485,978432.5,1006413,61.13
2018-01-03T01:07:50.324Z,West Europe,azure,nodejs,128,9,2,18.22,947760.89,51933.79,849675,961586,1009123,-59.44
2018-01-03T01:08:08.549Z,West Europe,azure,nodejs,128,9,2,18.43,968882.11,26270.43,914884,977822,998024,31
2018-01-03T01:08:26.983Z,West Europe,azure,nodejs,128,9,2,18.22,970876.89,26872.13,926281,975477,1002934,-55.33
2018-01-03T01:08:45.212Z,West Europe,azure,nodejs,128,9,2,18.23,969127.89,24072.06,929586,969751,1003843,76.33
2018-01-03T01:09:03.443Z,West Europe,azure,nodejs,128,9,2,18.13,954795.22,40480.97,870324,964414,1007285,-35.78
2018-01-03T01:09:21.576Z,West Europe,azure,nodejs,128,9,2,18.21,986073.33,11874.61,958574,986298,1003909,303.33
2018-01-03T01:09:39.795Z,West Europe,azure,nodejs,128,9,2,18.12,938512,51878.86,857415,935507,998979,-112
2018-01-03T01:09:57.922Z,West Europe,azure,nodejs,128,9,2,18.42,987508,14325.38,966744,984090,1007618,-84.78
2018-01-03T01:10:16.348Z,West Europe,azure,nodejs,128,9,2,18.22,972080.89,36805.84,880173,978794,1003190,-206.22
2018-01-03T01:10:34.574Z,West Europe,azure,nodejs,128,9,2,18.23,970440.56,26698,921735,976656,1012389,75.22
2018-01-03T01:10:52.802Z,West Europe,azure,nodejs,128,10,2,20.13,978936.4,18246.79,946910,981619.5,1004415,269.8
2018-01-03T01:11:12.937Z,West Europe,azure,nodejs,128,10,2,20.21,966857,20159.5,944278,962489.5,1005127,13
2018-01-03T01:11:33.149Z,West Europe,azure,nodejs,128,10,2,20.26,984972.6,13022.2,965029,985837.5,1005426,-15.7
2018-01-03T01:11:53.411Z,West Europe,azure,nodejs,128,10,2,20.17,973757.5,28491.34,898053,984377,996875,-42.3
2018-01-03T01:12:13.586Z,West Europe,azure,nodejs,128,10,2,20.19,980916.3,16177.17,957643,977815.5,1004371,44.8
2018-01-03T01:12:33.779Z,West Europe,azure,nodejs,128,10,2,20.26,976846.8,29818.05,898405,986573,1000524,-268.6
2018-01-03T01:12:54.044Z,West Europe,azure,nodejs,128,10,2,20.17,942206.5,29698.32,886132,943067,979773,-159.2
2018-01-03T01:13:14.219Z,West Europe,azure,nodejs,128,10,2,20.19,950817.3,34433.53,885495,957720.5,993476,-20.9
2018-01-03T01:13:34.409Z,West Europe,azure,nodejs,128,10,2,20.25,957206.4,17350.08,940626,948911.5,993119,-199.3
2018-01-03T01:13:54.658Z,West Europe,azure,nodejs,128,10,2,20.26,918111,82819.12,762749,951128,991670,55
2018-01-03T01:14:14.917Z,West Europe,azure,nodejs,128,11,2,22.66,778662.82,45212.31,689750,795916,817428,-46.91
2018-01-03T01:14:37.583Z,West Europe,azure,nodejs,128,11,2,20.41,773993.64,71755.7,708425,781603,959010,6.73
2018-01-03T01:14:57.998Z,West Europe,azure,nodejs,128,11,2,20.53,768467.27,78444.79,615221,770314,922991,-72.45
2018-01-03T01:15:18.534Z,West Europe,azure,nodejs,128,11,2,22.5,721452.64,57937.7,611933,732781,819044,-6.91
2018-01-03T01:15:41.039Z,West Europe,azure,nodejs,128,11,2,22.36,922940.09,57624.89,786518,947654,992281,-256.55
2018-01-03T01:16:03.400Z,West Europe,azure,nodejs,128,11,2,22.2,956425.82,19680.62,923499,961819,989930,1.18
2018-01-03T01:16:25.604Z,West Europe,azure,nodejs,128,11,2,22.22,971414,18855.44,938941,970913,996909,31.36
2018-01-03T01:16:47.826Z,West Europe,azure,nodejs,128,11,2,22.33,975723.36,18965.86,947868,973848,1010603,14.36
2018-01-03T01:17:10.156Z,West Europe,azure,nodejs,128,11,2,22.22,973855.91,16655.99,952781,971175,1000999,187.18
2018-01-03T01:17:32.375Z,West Europe,azure,nodejs,128,11,2,18.22,955821.18,40780.13,886281,970349,1001225,155.55
2018-01-03T01:17:50.599Z,West Europe,azure,nodejs,128,12,2,12.18,904626.25,58143.3,784984,918983.5,974458,66.17
2018-01-03T01:18:02.784Z,West Europe,azure,nodejs,128,12,2,24.27,915913.5,38481.49,801363,926229,940959,-91.92
2018-01-03T01:18:27.053Z,West Europe,azure,nodejs,128,12,2,24.47,890338.08,40349.99,792485,904298.5,924156,71.58
2018-01-03T01:18:51.528Z,West Europe,azure,nodejs,128,12,2,24.38,799471.67,126207.58,588440,817530,943397,100.42
2018-01-03T01:19:15.913Z,West Europe,azure,nodejs,128,12,2,24.27,629776.08,91583.06,409599,624638,736196,120.67
2018-01-03T01:19:40.190Z,West Europe,azure,nodejs,128,12,2,16.17,864656,98822.51,718658,903100,1002016,-5
2018-01-03T01:19:56.368Z,West Europe,azure,nodejs,128,12,2,22.3,949109.17,83070.69,690804,970966,998276,123.08
2018-01-03T01:20:18.670Z,West Europe,azure,nodejs,128,12,2,24.27,958795.83,39526.67,840720,971701.5,989114,61
2018-01-03T01:20:42.943Z,West Europe,azure,nodejs,128,12,2,24.26,959421,25897.67,902740,966159,993470,313.92
2018-01-03T01:21:07.208Z,West Europe,azure,nodejs,128,12,2,24.17,940607.58,43204.71,862391,956780,987961,60.42
2018-01-03T01:21:31.382Z,West Europe,azure,nodejs,128,13,2,26.31,970269.69,28166.2,888079,977915,995780,170.85
2018-01-03T01:21:57.692Z,West Europe,azure,nodejs,128,13,2,26.32,966709.54,10928.34,948713,969713,981951,56.38
2018-01-03T01:22:24.018Z,West Europe,azure,nodejs,128,13,2,26.3,965280,20068.56,913171,971779,991337,-32.77
2018-01-03T01:22:50.326Z,West Europe,azure,nodejs,128,13,2,26.31,941093.77,40514.48,857713,948204,978729,153.46
2018-01-03T01:23:16.644Z,West Europe,azure,nodejs,128,13,2,26.22,956283.08,34755.34,858436,967530,992161,145.69
2018-01-03T01:23:42.869Z,West Europe,azure,nodejs,128,13,2,26.4,956110.08,35409.55,872688,959536,994966,99.08
2018-01-03T01:24:09.277Z,West Europe,azure,nodejs,128,13,2,26.21,956766.69,29509.96,873591,962318,988929,190
2018-01-03T01:24:35.495Z,West Europe,azure,nodejs,128,13,2,26.18,951911.46,29891.06,880154,959116,983391,24
2018-01-03T01:25:01.681Z,West Europe,azure,nodejs,128,13,2,26.24,959370.15,31527.97,871578,965052,990010,163.46
2018-01-03T01:25:27.919Z,West Europe,azure,nodejs,128,13,2,26.15,956556.23,37479.23,855560,961184,994543,64.15
2018-01-03T01:25:54.074Z,West Europe,azure,nodejs,128,14,2,28.19,948353.5,32134.27,881526,952274,985610,140.79
2018-01-03T01:26:22.268Z,West Europe,azure,nodejs,128,14,2,28.18,960995.93,27454.8,902292,961150,997233,54.29
2018-01-03T01:26:50.457Z,West Europe,azure,nodejs,128,14,2,28.25,961025.57,19642.4,935182,959420.5,1005486,-8.57
2018-01-03T01:27:18.710Z,West Europe,azure,nodejs,128,14,2,28.18,963619.14,15349.9,934603,967361,982408,-101.57
2018-01-03T01:27:46.890Z,West Europe,azure,nodejs,128,14,2,28.25,955369.14,46484.26,836696,974159.5,995909,-15.43
2018-01-03T01:28:15.141Z,West Europe,azure,nodejs,128,14,2,28.17,967464.29,29247.06,909575,975769.5,1005162,354
2018-01-03T01:28:43.312Z,West Europe,azure,nodejs,128,14,2,28.25,978281.79,30721.14,889325,986438,1012692,51.64
2018-01-03T01:29:11.564Z,West Europe,azure,nodejs,128,14,2,28.46,773313.21,41938.63,690117,790042,818413,-106.86
2018-01-03T01:29:40.037Z,West Europe,azure,nodejs,128,14,2,29.08,770306.93,27129.21,703439,772936,814622,-37
2018-01-03T01:30:09.117Z,West Europe,azure,nodejs,128,14,2,28.56,779837.64,28517.03,701223,792942,809370,-92.79
2018-01-03T01:30:37.684Z,West Europe,azure,nodejs,128,15,2,30.42,941494.6,57230.04,763867,955675,992988,163
2018-01-03T01:31:26.326Z,West Europe,azure,nodejs,128,15,2,24.67,946792.33,67521.36,765232,977305,1005437,-134.27
2018-01-03T01:31:51.003Z,West Europe,azure,nodejs,128,15,2,28.36,968908.13,21251.17,921613,970783,994000,-154.27
2018-01-03T01:32:19.367Z,West Europe,azure,nodejs,128,15,2,30.2,966031.2,19980.04,924115,969205,1000258,-135.53
2018-01-03T01:33:07.806Z,West Europe,azure,nodejs,128,15,2,26.01,926096.8,69530.12,775123,948395,999641,-37.53
2018-01-03T01:33:49.996Z,West Europe,azure,nodejs,128,15,2,34.73,850225.27,158884.57,583969,958797,999560,71.67
2018-01-03T01:34:38.939Z,West Europe,azure,nodejs,128,16,2,32.78,954669.63,72954.97,735327,968937,1025060,27.19
2018-01-03T01:35:11.718Z,West Europe,azure,nodejs,128,16,2,28.15,965117.25,26832.44,897389,971292.5,1011554,39.13
2018-01-03T01:35:39.872Z,West Europe,azure,nodejs,128,16,2,30.3,976180.31,21123.65,914583,980913,995371,0
2018-01-03T01:36:10.179Z,West Europe,azure,nodejs,128,16,2,20.17,936681.06,26516.56,875207,938738.5,973302,-177.31
2018-01-03T01:36:30.355Z,West Europe,azure,nodejs,128,16,2,28.26,940321.81,25455.64,884336,944723,984036,52.94
2018-01-03T01:37:28.515Z,West Europe,azure,nodejs,128,16,2,14.15,963416.63,100849.6,617168,980759.5,1053756,-47.31
2018-01-03T01:37:42.669Z,West Europe,azure,nodejs,128,16,2,32.55,948140.56,59233.77,775292,970535,991860,118.38
2018-01-03T01:38:15.221Z,West Europe,azure,nodejs,128,16,2,32.17,959313.69,28986.27,893123,967470.5,993865,351.75
2018-01-03T01:38:47.393Z,West Europe,azure,nodejs,128,17,2,34.25,962514.53,26909.99,896694,965389,1000140,-135.76
2018-01-03T01:39:21.645Z,West Europe,azure,nodejs,128,17,2,29.41,954226.41,87250.58,639778,979413,1016309,1.41
2018-01-03T01:39:51.057Z,West Europe,azure,nodejs,128,17,2,30.33,977609.18,30750.25,878347,983167,1011477,30.76
2018-01-03T01:40:21.392Z,West Europe,azure,nodejs,128,17,2,21.07,965360.18,62108.33,766311,987272,1014256,-23.29
2018-01-03T01:40:42.465Z,West Europe,azure,nodejs,128,17,2,24.23,1003034.59,20403.55,953858,1009614,1025633,-19.47
2018-01-03T01:41:06.702Z,West Europe,azure,nodejs,128,17,2,16.51,950028,68845.83,755139,978300,995378,147.88
2018-01-03T01:41:23.218Z,West Europe,azure,nodejs,128,17,2,20.2,966789.76,27242.53,908987,966467,1010549,-23.76
2018-01-03T01:41:43.418Z,West Europe,azure,nodejs,128,17,2,22.25,946079.65,48446.77,829906,963198,1000334,115.29
2018-01-03T01:42:05.672Z,West Europe,azure,nodejs,128,17,2,18.15,865152.82,119829.84,654698,880559,1009757,32.12
2018-01-03T01:42:23.823Z,West Europe,azure,nodejs,128,17,2,18.24,847030.82,133007.53,634595,945720,991182,5.71
2018-01-03T01:42:42.072Z,West Europe,azure,nodejs,128,18,2,18.45,848646.17,129637.37,617921,848358,988671,-129.44
2018-01-03T01:43:20.877Z,West Europe,azure,nodejs,128,18,2,27.54,940683.5,70650.82,726292,965189,1003769,-115.83
2018-01-03T01:43:48.422Z,West Europe,azure,nodejs,128,18,2,36.35,969311.17,27141.31,922643,971552.5,1011568,-89.33
2018-01-03T01:44:24.776Z,West Europe,azure,nodejs,128,18,2,36.36,967842.67,19927.11,926198,965499,1003304,9.67
2018-01-03T01:45:01.136Z,West Europe,azure,nodejs,128,18,2,37.07,839080.39,86169.33,726314,801840,993319,2
2018-01-03T01:45:38.205Z,West Europe,azure,nodejs,128,18,2,36.75,763026.56,46309.08,645354,771877.5,839285,-134.56
2018-01-03T01:46:14.958Z,West Europe,azure,nodejs,128,18,2,36.55,803405.39,127033.38,644015,787862.5,988779,-115.78
2018-01-03T01:46:51.510Z,West Europe,azure,nodejs,128,18,2,36.26,961387.28,31629.03,849267,968044.5,994143,-90.33
2018-01-03T01:47:27.779Z,West Europe,azure,nodejs,128,18,2,36.33,969725.78,19126.12,930159,970990.5,996933,171.5
2018-01-03T01:48:26.516Z,West Europe,azure,nodejs,128,19,2,47.43,935730.16,56930.56,764845,947386,992559,63.89
2018-01-03T01:49:13.948Z,West Europe,azure,nodejs,128,19,2,38.4,948049.74,26879.24,888590,956578,982552,24.37
2018-01-03T01:49:52.354Z,West Europe,azure,nodejs,128,19,2,38.3,920926.32,57675.61,750543,921673,1002957,35.68
2018-01-03T01:50:30.653Z,West Europe,azure,nodejs,128,19,2,38.29,968744.47,17810.26,938140,967917,994316,7.42
2018-01-03T01:51:08.951Z,West Europe,azure,nodejs,128,19,2,38.29,950397.58,50738.84,759506,964402,980832,-139.89
2018-01-03T01:51:47.250Z,West Europe,azure,nodejs,128,19,2,38.3,974673,14584.46,946444,975237,1003434,-216.84
2018-01-03T01:52:25.552Z,West Europe,azure,nodejs,128,19,2,34.3,969557.84,28839.89,909378,979114,1008818,30.42
2018-01-03T01:52:59.851Z,West Europe,azure,nodejs,128,19,2,36.36,911853.11,37860.17,848664,913126,999968,-1.95
2018-01-03T01:53:36.211Z,West Europe,azure,nodejs,128,19,2,26.17,948339.95,38208.5,872869,957442,1006389,-72.74
2018-01-03T01:54:02.387Z,West Europe,azure,nodejs,128,20,2,30.34,967507.35,32700.46,875126,970751.5,1011830,37.05
2018-01-03T01:54:32.733Z,West Europe,azure,nodejs,128,20,2,38.23,968901,26868.19,896935,974995.5,1002356,0.8
2018-01-03T01:55:10.962Z,West Europe,azure,nodejs,128,20,2,40.26,979810.15,31141.57,881633,987272,1015339,-6.1
2018-01-03T01:55:51.227Z,West Europe,azure,nodejs,128,20,2,40.21,971978.75,23843.7,904145,977897.5,999294,1.65
2018-01-03T01:56:31.445Z,West Europe,azure,nodejs,128,20,2,40.24,983865.75,17584.32,940753,985845,1014670,45.1
2018-01-03T01:57:11.683Z,West Europe,azure,nodejs,128,20,2,40.21,967023.6,26222.94,879845,975029.5,1006510,70.45
2018-01-03T01:57:51.900Z,West Europe,azure,nodejs,128,20,2,40.34,954832.7,46867.02,782483,967826,996415,97.1
2018-01-03T01:58:32.246Z,West Europe,azure,nodejs,128,20,2,40.34,980599.6,17418.7,927009,982875.5,1000338,-61.05
2018-01-03T01:59:12.593Z,West Europe,azure,nodejs,128,20,2,40.24,964902.1,34968.95,863940,973981.5,1000816,1.2
2018-01-03T01:59:52.834Z,West Europe,azure,nodejs,128,20,2,40.44,858815.45,97347.62,649159,845136,988045,-86
2018-01-03T02:00:33.280Z,West Europe,azure,nodejs,128,1,3,3.28,768356,0,768356,768356,768356,782
2018-01-03T02:00:36.557Z,West Europe,azure,nodejs,128,1,3,3.17,819466,0,819466,819466,819466,-684
2018-01-03T02:00:39.733Z,West Europe,azure,nodejs,128,1,3,3.2,787041,0,787041,787041,787041,-370
2018-01-03T02:00:42.937Z,West Europe,azure,nodejs,128,1,3,3.35,829418,0,829418,829418,829418,-249
2018-01-03T02:00:46.290Z,West Europe,azure,nodejs,128,1,3,3.15,777977,0,777977,777977,777977,375
2018-01-03T02:00:49.439Z,West Europe,azure,nodejs,128,1,3,3.3,768483,0,768483,768483,768483,541
2018-01-03T02:00:56.422Z,West Europe,azure,nodejs,128,1,3,16.28,922171,0,922171,922171,922171,-92
2018-01-03T02:01:12.704Z,West Europe,azure,nodejs,128,1,3,3.17,985347,0,985347,985347,985347,-346
2018-01-03T02:01:15.877Z,West Europe,azure,nodejs,128,1,3,3.17,992253,0,992253,992253,992253,152
2018-01-03T02:01:19.054Z,West Europe,azure,nodejs,128,2,3,6.45,945729,9721.3,938855,945729,952603,-276
2018-01-03T02:01:25.503Z,West Europe,azure,nodejs,128,2,3,6.11,965732.5,10376.79,958395,965732.5,973070,-303.5
2018-01-03T02:01:31.617Z,West Europe,azure,nodejs,128,2,3,6.17,969669.5,15156.83,958952,969669.5,980387,64.5
2018-01-03T02:01:37.792Z,West Europe,azure,nodejs,128,2,3,6.14,969405,5267.95,965680,969405,973130,33.5
2018-01-03T02:01:43.930Z,West Europe,azure,nodejs,128,2,3,6.16,986198,476.59,985861,986198,986535,-913.5
2018-01-03T02:01:50.092Z,West Europe,azure,nodejs,128,2,3,6.34,970039.5,12601.35,961129,970039.5,978950,-54
2018-01-03T02:01:56.429Z,West Europe,azure,nodejs,128,2,3,6.12,962151,3020.76,960015,962151,964287,99.5
2018-01-03T02:02:02.545Z,West Europe,azure,nodejs,128,2,3,6.12,969953.5,8365.78,964038,969953.5,975869,-251
2018-01-03T02:02:08.669Z,West Europe,azure,nodejs,128,2,3,6.19,970887.5,8955.51,964555,970887.5,977220,152.5
2018-01-03T02:02:14.862Z,West Europe,azure,nodejs,128,2,3,6.14,966122.5,7696.86,960680,966122.5,971565,-374
2018-01-03T02:02:21.006Z,West Europe,azure,nodejs,128,3,3,9.13,963980,7590.41,956694,963404,971842,36.67
2018-01-03T02:02:30.136Z,West Europe,azure,nodejs,128,3,3,9.21,969952,14344.58,953560,976088,980208,-115.67
2018-01-03T02:02:39.350Z,West Europe,azure,nodejs,128,3,3,9.23,979959.33,15423.46,965672,977895,996311,305
2018-01-03T02:02:48.585Z,West Europe,azure,nodejs,128,3,3,9.18,965915.67,15014.24,948601,973812,975334,-701.67
2018-01-03T02:02:57.768Z,West Europe,azure,nodejs,128,3,3,9.21,962027,14352.18,946076,966109,973896,60
2018-01-03T02:03:06.984Z,West Europe,azure,nodejs,128,3,3,9.21,967382,12865.74,952936,971603,977607,80.67
2018-01-03T02:03:16.200Z,West Europe,azure,nodejs,128,3,3,9.12,762859.67,90744.85,700790,720784,867005,-118.33
2018-01-03T02:03:25.324Z,West Europe,azure,nodejs,128,3,3,9.31,939647,39076.1,896608,949433,972900,148
2018-01-03T02:03:34.632Z,West Europe,azure,nodejs,128,3,3,9.21,967025.33,17482.09,947623,971901,981552,165
2018-01-03T02:03:43.848Z,West Europe,azure,nodejs,128,3,3,9.16,960743.67,31752.85,926342,966961,988928,275
2018-01-03T02:03:53.014Z,West Europe,azure,nodejs,128,4,3,12.23,957560.75,30885.64,922349,958787.5,990319,176.75
2018-01-03T02:04:05.249Z,West Europe,azure,nodejs,128,4,3,12.23,960629.25,18510.35,947811,953291.5,988123,-359.5
2018-01-03T02:04:17.481Z,West Europe,azure,nodejs,128,4,3,12.34,965167,10467.57,955418,963955.5,977339,-417.5
2018-01-03T02:04:29.826Z,West Europe,azure,nodejs,128,4,3,12.11,978561.75,11738.75,966487,976699,994362,473.5
2018-01-03T02:04:41.934Z,West Europe,azure,nodejs,128,4,3,12.12,938162,51751.04,866551,949003,988091,367
2018-01-03T02:04:54.057Z,West Europe,azure,nodejs,128,4,3,12.23,968184.5,11708.38,955687,966606,983839,-80.75
2018-01-03T02:05:06.284Z,West Europe,azure,nodejs,128,4,3,12.18,987706.75,9076.25,974529,990576.5,995145,-528.5
2018-01-03T02:05:18.466Z,West Europe,azure,nodejs,128,4,3,12.18,976095.5,19865.48,950433,980268,993413,-402.25
2018-01-03T02:05:30.652Z,West Europe,azure,nodejs,128,4,3,12.12,979616,20114.4,950206,986491.5,995275,172
2018-01-03T02:05:42.770Z,West Europe,azure,nodejs,128,4,3,12.25,959647.75,16535.44,940475,959230.5,979655,-125
2018-01-03T02:05:55.024Z,West Europe,azure,nodejs,128,5,3,15.26,980982.2,12531.63,959039,984532,990514,221.8
2018-01-03T02:06:10.281Z,West Europe,azure,nodejs,128,5,3,15.14,946429.4,47013.41,876789,970703,987108,155.8
2018-01-03T02:06:25.422Z,West Europe,azure,nodejs,128,5,3,15.11,944536.8,21484.58,918029,957725,961404,-68.4
2018-01-03T02:06:40.533Z,West Europe,azure,nodejs,128,5,3,15.15,939224.6,44628.92,862458,957639,970528,77.6
2018-01-03T02:06:55.684Z,West Europe,azure,nodejs,128,5,3,15.16,935667.8,20261.83,903319,940882,952305,70.6
2018-01-03T02:07:10.841Z,West Europe,azure,nodejs,128,5,3,15.24,925776.2,43321.91,854519,928926,968567,-21.6
2018-01-03T02:07:26.079Z,West Europe,azure,nodejs,128,5,3,15.24,976396,9054.92,963531,978713,987886,192.8
2018-01-03T02:07:41.316Z,West Europe,azure,nodejs,128,5,3,15.22,979748,8224.82,968682,979372,991795,-101.8
2018-01-03T02:07:56.540Z,West Europe,azure,nodejs,128,5,3,15.19,966709.4,15515.46,947330,964360,988844,-140.2
2018-01-03T02:08:11.729Z,West Europe,azure,nodejs,128,5,3,15.15,928820.6,51336.97,843212,946520,968689,237.4
2018-01-03T02:08:26.885Z,West Europe,azure,nodejs,128,6,3,18.22,950701.83,34792.31,886956,956886.5,991969,129.33
2018-01-03T02:08:45.112Z,West Europe,azure,nodejs,128,6,3,18.23,962530.5,20350.49,938453,958231.5,988074,-280.83
2018-01-03T02:09:03.344Z,West Europe,azure,nodejs,128,6,3,18.23,943074.67,44124.98,860384,958325,985876,56.67
2018-01-03T02:09:21.575Z,West Europe,azure,nodejs,128,6,3,18.22,964521.83,13932.33,939508,967680.5,976119,-1.67
2018-01-03T02:09:39.794Z,West Europe,azure,nodejs,128,6,3,18.14,942940,25300.6,898928,949428.5,966112,275.67
2018-01-03T02:09:57.934Z,West Europe,azure,nodejs,128,6,3,18.21,950967.5,16727.23,924585,949827.5,974795,-81.83
2018-01-03T02:10:16.146Z,West Europe,azure,nodejs,128,6,3,18.23,954650.33,22547.2,914510,957324,978479,-247.33
2018-01-03T02:10:34.374Z,West Europe,azure,nodejs,128,6,3,18.29,953082.83,16953.49,926635,956738.5,974846,-307.67
2018-01-03T02:10:52.665Z,West Europe,azure,nodejs,128,6,3,18.16,955749.5,9918.89,939450,957917.5,965408,453.17
2018-01-03T02:11:10.828Z,West Europe,azure,nodejs,128,6,3,18.23,953966.33,28003.59,900530,960743.5,983323,-228.5
2018-01-03T02:11:29.060Z,West Europe,azure,nodejs,128,7,3,21.29,961220.29,14908.41,937601,966803,980674,326
2018-01-03T02:11:50.355Z,West Europe,azure,nodejs,128,7,3,21.2,963762.71,13804.41,936698,971799,975648,5.71
2018-01-03T02:12:11.554Z,West Europe,azure,nodejs,128,7,3,21.12,955804.14,20274.87,911133,961093,971531,238.86
2018-01-03T02:12:32.681Z,West Europe,azure,nodejs,128,7,3,21.26,968904.57,11982.62,956507,961740,988615,-80.43
2018-01-03T02:12:53.944Z,West Europe,azure,nodejs,128,7,3,21.2,957946,13174.11,932566,960637,970442,-63.43
2018-01-03T02:13:15.143Z,West Europe,azure,nodejs,128,7,3,21.19,881945.86,59581.21,765200,886295,938926,-14.57
2018-01-03T02:13:36.340Z,West Europe,azure,nodejs,128,7,3,21.16,901088.71,62648.88,810819,888650,983253,-8.29
2018-01-03T02:13:57.497Z,West Europe,azure,nodejs,128,7,3,21.26,958153.71,18796.4,923825,957546,977123,18.43
2018-01-03T02:14:18.760Z,West Europe,azure,nodejs,128,7,3,21.17,964933.71,12827.21,946438,963418,979871,-81.14
2018-01-03T02:14:39.931Z,West Europe,azure,nodejs,128,7,3,21.17,944327.43,18740.16,910494,944692,968750,210.71
2018-01-03T02:15:01.108Z,West Europe,azure,nodejs,128,8,3,24.29,936648.5,29696.52,873186,944593,967935,185.5
2018-01-03T02:15:25.397Z,West Europe,azure,nodejs,128,8,3,24.17,954859.63,17582.04,928284,961063.5,974128,187.5
2018-01-03T02:15:49.565Z,West Europe,azure,nodejs,128,8,3,24.16,925435.63,35239.15,858775,929866,966796,93.5
2018-01-03T02:16:13.730Z,West Europe,azure,nodejs,128,8,3,24.27,763121.5,84039.66,702741,743520.5,960628,-178.63
2018-01-03T02:16:37.999Z,West Europe,azure,nodejs,128,8,3,24.27,740738.75,44673.52,641945,758049,777097,-105.63
2018-01-03T02:17:02.271Z,West Europe,azure,nodejs,128,8,3,24.47,700354.13,19204.85,675517,697064.5,725261,139.88
2018-01-03T02:17:26.743Z,West Europe,azure,nodejs,128,8,3,24.27,735747.38,33575.49,682100,741432,771532,92.5
2018-01-03T02:17:51.011Z,West Europe,azure,nodejs,128,8,3,24.37,845044.75,113372.46,686781,904007.5,959848,-12.13
2018-01-03T02:18:15.383Z,West Europe,azure,nodejs,128,8,3,24.37,843768.38,78799.51,754589,849248,936446,133.13
2018-01-03T02:18:39.754Z,West Europe,azure,nodejs,128,8,3,24.14,910932.25,38658.39,841926,912526,964543,-64.63
2018-01-03T02:19:03.896Z,West Europe,azure,nodejs,128,9,3,27.26,872308,34257.52,828138,876921,924232,-29.67
2018-01-03T02:19:31.161Z,West Europe,azure,nodejs,128,9,3,27.54,907002.44,37106.93,856922,896348,961659,-148.22
2018-01-03T02:19:58.708Z,West Europe,azure,nodejs,128,9,3,27.34,906664.78,44484.18,839712,901279,970558,46.44
2018-01-03T02:20:26.046Z,West Europe,azure,nodejs,128,9,3,27.17,920369.33,21283.4,872713,921922,948195,-198.33
2018-01-03T02:20:53.215Z,West Europe,azure,nodejs,128,9,3,27.2,899423.22,47175.6,824309,905600,970280,311.78
2018-01-03T02:21:20.420Z,West Europe,azure,nodejs,128,9,3,27.12,940158.89,45662.03,851000,938271,997588,33.89
2018-01-03T02:21:47.540Z,West Europe,azure,nodejs,128,9,3,27.25,963826.22,12065.21,945821,961036,983475,138.33
2018-01-03T02:22:14.797Z,West Europe,azure,nodejs,128,9,3,27.34,967701.56,13196.8,945515,971728,987896,130.44
2018-01-03T02:22:42.141Z,West Europe,azure,nodejs,128,9,3,27.26,967912.89,19676.57,933173,974746,992349,-133.56
2018-01-03T02:23:09.408Z,West Europe,azure,nodejs,128,9,3,27.15,923635.11,57903.13,786095,940596,979450,242.89
2018-01-03T02:23:36.560Z,West Europe,azure,nodejs,128,10,3,30.16,955224.3,23833.99,914955,959214.5,983947,-209.2
2018-01-03T02:24:06.725Z,West Europe,azure,nodejs,128,10,3,30.31,950878.3,23779.27,905740,956497.5,978740,32.8
2018-01-03T02:24:37.033Z,West Europe,azure,nodejs,128,10,3,30.37,952926.4,15531.7,928516,948090,975991,-146.5
2018-01-03T02:25:07.402Z,West Europe,azure,nodejs,128,10,3,30.14,944300.6,25863.23,893348,953100.5,971989,-55.9
2018-01-03T02:25:37.548Z,West Europe,azure,nodejs,128,10,3,30.18,960753.6,14591.25,931269,967101.5,978299,32.8
2018-01-03T02:26:07.731Z,West Europe,azure,nodejs,128,10,3,30.23,957838,21211.62,905386,967257,975394,-152.3
2018-01-03T02:26:37.966Z,West Europe,azure,nodejs,128,10,3,30.21,964919,15168.9,942080,965686,986794,146
2018-01-03T02:27:08.174Z,West Europe,azure,nodejs,128,10,3,30.21,954741.9,24778.22,891074,959395.5,979786,-9.5
2018-01-03T02:27:38.384Z,West Europe,azure,nodejs,128,10,3,30.2,961745.5,21105.06,913296,965745,984837,-229.9
2018-01-03T02:28:08.590Z,West Europe,azure,nodejs,128,10,3,30.16,931251,55705.14,798850,944409,982585,73.1
2018-01-03T02:28:38.751Z,West Europe,azure,nodejs,128,11,3,33.24,960096.18,17599.31,929068,956267,987183,89.55
2018-01-03T02:29:11.990Z,West Europe,azure,nodejs,128,11,3,33.27,956150,21839.26,900304,962090,981722,-73.64
2018-01-03T02:29:45.259Z,West Europe,azure,nodejs,128,11,3,33.24,954869,22279.45,899948,960078,980307,-126.09
2018-01-03T02:30:18.497Z,West Europe,azure,nodejs,128,11,3,33.22,941171.73,63887.19,752084,959350,981580,119.45
2018-01-03T02:31:09.946Z,West Europe,azure,nodejs,128,11,3,34.81,946324.36,75173.61,762304,974249,1017121,61.64
2018-01-03T02:31:44.760Z,West Europe,azure,nodejs,128,11,3,33.17,946613.27,16147.83,905229,946547,966267,179.82
2018-01-03T02:32:17.939Z,West Europe,azure,nodejs,128,11,3,33.28,956186.73,16441.48,925287,955147,979236,-78.09
2018-01-03T02:32:51.218Z,West Europe,azure,nodejs,128,11,3,33.15,917998.73,64020.84,761770,938543,966812,21.82
2018-01-03T02:33:24.371Z,West Europe,azure,nodejs,128,11,3,33.2,914173.18,40719.29,847492,932944,965879,-67.09
2018-01-03T02:33:57.575Z,West Europe,azure,nodejs,128,12,3,33.38,951102.33,18695.53,925418,948643.5,992959,28.5
2018-01-03T02:34:52.149Z,West Europe,azure,nodejs,128,12,3,38.3,926826.58,70607.5,714847,939938.5,989100,26
2018-01-03T02:35:30.451Z,West Europe,azure,nodejs,128,12,3,36.18,951011.58,21823.69,909318,961893,974643,-37.25
2018-01-03T02:36:06.635Z,West Europe,azure,nodejs,128,12,3,36.21,941616.83,34002.7,878090,953614,985368,-111.25
2018-01-03T02:36:42.850Z,West Europe,azure,nodejs,128,12,3,36.14,968214.67,12659.76,944083,971220.5,982593,162.75
2018-01-03T02:37:18.995Z,West Europe,azure,nodejs,128,12,3,36.37,959943.83,27411.58,878783,968078,981438,-58.92
2018-01-03T02:37:55.367Z,West Europe,azure,nodejs,128,12,3,36.23,963413.42,13588.03,936416,962171,981659,-88.17
2018-01-03T02:38:31.598Z,West Europe,azure,nodejs,128,12,3,36.18,934961.25,62443.81,745724,949624.5,980495,207.83
2018-01-03T02:39:07.779Z,West Europe,azure,nodejs,128,12,3,36.21,957718.83,22949.75,905353,965484.5,982309,-10.75
2018-01-03T02:40:05.193Z,West Europe,azure,nodejs,128,13,3,58.15,953624.38,27185.06,898722,945905,997371,156.92
2018-01-03T02:41:03.345Z,West Europe,azure,nodejs,128,13,3,39.44,940858.62,23139.22,873461,945216,967290,65
2018-01-03T02:41:42.791Z,West Europe,azure,nodejs,128,13,3,39.22,951158.08,24628.34,892167,959832,981813,-74.23
2018-01-03T02:42:22.017Z,West Europe,azure,nodejs,128,13,3,39.21,960253.31,24406.61,889087,967117,990446,-91.15
2018-01-03T02:43:01.235Z,West Europe,azure,nodejs,128,13,3,39.41,943207.38,47209.12,813292,959269,983461,48.85
2018-01-03T02:43:40.646Z,West Europe,azure,nodejs,128,13,3,39.19,940444.15,36808.55,848141,950981,979138,84.62
2018-01-03T02:44:19.842Z,West Europe,azure,nodejs,128,13,3,39.18,960764.46,25727.85,893327,971461,986102,187.85
2018-01-03T02:44:59.025Z,West Europe,azure,nodejs,128,13,3,39.28,955353.46,24262.77,898484,962002,977144,29.77
2018-01-03T02:45:38.311Z,West Europe,azure,nodejs,128,13,3,39.15,927431,23579.31,863903,931028,954137,51.54
2018-01-03T02:46:17.461Z,West Europe,azure,nodejs,128,14,3,42.35,955591.64,20338.15,920476,961168,988670,130.21
2018-01-03T02:46:59.814Z,West Europe,azure,nodejs,128,14,3,42.29,850520.43,111267.75,673031,842858.5,972445,-91.86
2018-01-03T02:47:42.109Z,West Europe,azure,nodejs,128,14,3,42.7,763151.86,16146.71,735527,765155.5,789309,143.79
2018-01-03T02:48:24.807Z,West Europe,azure,nodejs,128,14,3,42.49,792083.36,118698.26,631614,760671.5,979291,72.5
2018-01-03T02:49:07.304Z,West Europe,azure,nodejs,128,14,3,42.72,954740.36,25242.09,896597,962655.5,978959,-362.43
2018-01-03T02:49:50.024Z,West Europe,azure,nodejs,128,14,3,42.17,942843.36,32701.69,875392,948348,990035,-118.5
2018-01-03T02:50:32.194Z,West Europe,azure,nodejs,128,14,3,39.32,965155.14,15993.78,942506,968074,990081,-80.79
2018-01-03T02:51:11.520Z,West Europe,azure,nodejs,128,14,3,42.39,964560,20967.06,918778,966919.5,990286,16.36
2018-01-03T02:51:53.910Z,West Europe,azure,nodejs,128,14,3,42.49,973943.29,15743.38,950153,975487.5,999102,-165.64
2018-01-03T02:52:36.406Z,West Europe,azure,nodejs,128,14,3,42.21,972336.71,16960.74,945276,972706,996757,-29.64
2018-01-03T02:53:18.621Z,West Europe,azure,nodejs,128,15,3,45.23,948515.2,44391.75,816592,956335,995785,-159.4
2018-01-03T02:54:03.856Z,West Europe,azure,nodejs,128,15,3,45.26,963252,25840.9,910403,972458,994750,216.4
2018-01-03T02:54:49.117Z,West Europe,azure,nodejs,128,15,3,45.36,970019.67,20718.42,927121,975841,1001745,156.8
2018-01-03T02:55:34.480Z,West Europe,azure,nodejs,128,15,3,45.46,968403.47,13085.74,943762,969424,989533,83.27
2018-01-03T02:56:19.947Z,West Europe,azure,nodejs,128,15,3,45.26,967609.67,14290.37,927732,970812,983742,-97.13
2018-01-03T02:57:05.209Z,West Europe,azure,nodejs,128,15,3,45.26,956217.33,18505.84,912424,951579,986045,-142.93
2018-01-03T02:57:50.473Z,West Europe,azure,nodejs,128,15,3,39.32,931966.53,63990.83,748174,960899,976624,-87.6
2018-01-03T02:59:00.001Z,West Europe,azure,nodejs,128,15,3,45.36,962194.73,14535.81,935242,961850,987044,-154.2
2018-01-03T02:59:45.366Z,West Europe,azure,nodejs,128,15,3,45.26,947666.4,24210.13,895890,956510,974523,-41.93
2018-01-03T03:00:30.626Z,West Europe,azure,nodejs,128,16,3,48.33,950663.31,20006.38,900520,956650,980754,-329.06
2018-01-03T03:01:43.229Z,West Europe,azure,nodejs,128,16,3,39.5,899974.44,76852.38,744456,911500.5,983790,-153.19
2018-01-03T03:02:22.727Z,West Europe,azure,nodejs,128,16,3,48.36,756078.81,15767.49,718596,758630.5,774693,132.81
2018-01-03T03:03:11.089Z,West Europe,azure,nodejs,128,16,3,48.53,711379.44,61584.05,631807,703423.5,903716,121.75
2018-01-03T03:04:23.785Z,West Europe,azure,nodejs,128,16,3,49.27,956547.44,37812.68,888102,958991,1010647,-35.69
2018-01-03T03:05:13.062Z,West Europe,azure,nodejs,128,16,3,42.24,958404.19,22297.35,907667,962249,995362,9.06
2018-01-03T03:05:55.303Z,West Europe,azure,nodejs,128,16,3,48.37,953228.5,24520.3,906789,954461.5,993130,22.13
2018-01-03T03:06:43.675Z,West Europe,azure,nodejs,128,16,3,48.22,963891.19,16411.28,929183,967285.5,987117,217.81
2018-01-03T03:07:31.902Z,West Europe,azure,nodejs,128,17,3,48.35,970273.24,11612.27,951449,970535,989940,-173.24
2018-01-03T03:08:20.256Z,West Europe,azure,nodejs,128,17,3,51.23,946549.65,49563.27,802409,960549,990098,-32.53
2018-01-03T03:09:11.493Z,West Europe,azure,nodejs,128,17,3,51.24,938695.24,40460.46,834367,952541,982026,150.12
2018-01-03T03:10:02.740Z,West Europe,azure,nodejs,128,17,3,51.3,964594.18,21872.32,913133,960086,990923,22.65
2018-01-03T03:10:54.041Z,West Europe,azure,nodejs,128,17,3,51.41,964995.12,18752.96,918567,963991,987044,123.29
2018-01-03T03:12:12.674Z,West Europe,azure,nodejs,128,17,3,62.78,829059.06,134033.07,604374,823391,977799,-189.53
2018-01-03T03:13:15.457Z,West Europe,azure,nodejs,128,17,3,51.33,931736.94,43030.22,849174,940113,990382,58.53
2018-01-03T03:14:06.787Z,West Europe,azure,nodejs,128,17,3,51.27,963870.94,21696.66,901374,967002,996535,102.41
2018-01-03T03:14:58.064Z,West Europe,azure,nodejs,128,17,3,51.4,955957,23942.25,903220,960189,986409,-46.29
2018-01-03T03:15:49.468Z,West Europe,azure,nodejs,128,18,3,54.27,953344.61,20399.88,907715,955100,990574,-25.28
2018-01-03T03:16:43.742Z,West Europe,azure,nodejs,128,18,3,54.48,964530.72,16175.66,933856,969129,995881,-14.78
2018-01-03T03:17:38.225Z,West Europe,azure,nodejs,128,18,3,54.34,935950.89,82267.71,740384,969708.5,998350,-15.17
2018-01-03T03:18:32.566Z,West Europe,azure,nodejs,128,18,3,54.5,742556,29100.23,661420,752150,775428,-65.06
2018-01-03T03:19:27.071Z,West Europe,azure,nodejs,128,18,3,45.46,837682.78,132492.57,670835,878093.5,1040592,-79.33
2018-01-03T03:20:12.537Z,West Europe,azure,nodejs,128,18,3,54.27,950886.33,22324.71,906476,949542.5,991490,-46
2018-01-03T03:21:34.047Z,West Europe,azure,nodejs,128,18,3,42.08,955767.17,39904.46,855099,964483.5,1024544,94.78
2018-01-03T03:22:16.134Z,West Europe,azure,nodejs,128,18,3,27.24,873682.22,136340.21,598898,954115.5,1007354,68.61
2018-01-03T03:22:43.372Z,West Europe,azure,nodejs,128,18,3,30.19,846587.67,150601.66,561806,938777,1013256,-30.5
2018-01-03T03:23:13.562Z,West Europe,azure,nodejs,128,19,3,30.33,904187.37,115958.25,680210,959417,1028984,-165.16
2018-01-03T03:23:43.893Z,West Europe,azure,nodejs,128,19,3,30.51,792222.21,157870.78,464656,807798,978067,82.68
2018-01-03T03:24:35.708Z,West Europe,azure,nodejs,128,19,3,29.08,862710.79,121926.63,649630,907173,978085,139.68
2018-01-03T03:25:04.793Z,West Europe,azure,nodejs,128,19,3,39.31,963673,36935.92,898517,964962,1045698,-111.89
2018-01-03T03:26:20.360Z,West Europe,azure,nodejs,128,19,3,57.21,959810.74,18767.27,923515,962104,985991,-115.37
2018-01-03T03:27:17.573Z,West Europe,azure,nodejs,128,19,3,57.37,949007.21,26594,865645,950435,984650,185.84
2018-01-03T03:28:14.946Z,West Europe,azure,nodejs,128,19,3,57.34,934678.47,50434.26,752964,949892,992788,0.84
2018-01-03T03:29:39.531Z,West Europe,azure,nodejs,128,20,3,56.42,897540.35,47814.04,808251,887513.5,966911,40.5
2018-01-03T03:30:35.952Z,West Europe,azure,nodejs,128,20,3,57.24,920619.3,45426.39,808076,933042.5,974354,-111.5
2018-01-03T03:31:33.196Z,West Europe,azure,nodejs,128,20,3,60.31,960553.15,24246.62,894425,967791.5,994210,82
2018-01-03T03:32:33.511Z,West Europe,azure,nodejs,128,20,3,60.31,930169,82999.19,692805,970005,987333,17.45
2018-01-03T03:33:33.828Z,West Europe,azure,nodejs,128,20,3,60.51,743643.25,34559.47,644324,751623.5,789743,21.1
2018-01-03T03:34:34.341Z,West Europe,azure,nodejs,128,20,3,60.44,890841.1,94890.24,744857,946918.5,995933,12.5
2018-01-03T03:35:34.783Z,West Europe,azure,nodejs,128,20,3,57.32,948496.35,59280.06,739989,970506.5,1000515,66
2018-01-03T03:36:32.104Z,West Europe,azure,nodejs,128,20,3,60.29,944371.3,37623.06,834089,945076.5,994792,-18.85
2018-01-03T03:37:32.399Z,West Europe,azure,nodejs,128,20,3,60.53,967337.2,15431.7,929227,971932,990832,-183.4
2018-01-03T03:38:32.939Z,West Europe,azure,nodejs,128,20,3,60.31,936211,51160.68,781148,956750.5,996639,-68.25